X,CH1,CH2,Start,Increment,
Sequence,Volt,Volt,-4.630000e-02,5.000000e-05,
0,-1.240000e+00,-1.400000e-02,
1,-1.320000e+00,-4.000000e-03,
2,-1.240000e+00,-1.400000e-02,
3,-1.320000e+00,-4.000000e-03,
4,-1.320000e+00,-1.200000e-02,
5,-1.240000e+00,-2.000000e-03,
6,-1.260000e+00,-6.000001e-03,
7,-1.320000e+00,4.000000e-03,
8,-1.260000e+00,4.000000e-03,
9,-1.340000e+00,-6.000001e-03,
10,-1.260000e+00,-8.000000e-03,
11,-1.340000e+00,4.000000e-03,
12,-1.320000e+00,-1.000000e-02,
13,-1.260000e+00,0.000000e+00,
14,-1.320000e+00,0.000000e+00,
15,-1.260000e+00,-8.000000e-03,
16,-1.240000e+00,-1.000000e-02,
17,-1.320000e+00,-2.000000e-03,
18,-1.240000e+00,-2.000000e-03,
19,-1.300000e+00,-1.200000e-02,
20,-1.280000e+00,-1.200000e-02,
21,-1.220000e+00,-4.000000e-03,
22,-1.280000e+00,-1.400000e-02,
23,-1.200000e+00,-4.000000e-03,
24,-1.260000e+00,-6.000001e-03,
25,-1.200000e+00,-1.800000e-02,
26,-1.260000e+00,-8.000000e-03,
27,-1.180000e+00,-1.600000e-02,
28,-1.240000e+00,-1.200000e-02,
29,-1.180000e+00,-2.400000e-02,
30,-1.240000e+00,-2.400000e-02,
31,-1.160000e+00,-1.400000e-02,
32,-1.160000e+00,-1.600000e-02,
33,-1.220000e+00,-6.000001e-03,
34,-1.220000e+00,-8.000000e-03,
35,-1.140000e+00,-1.400000e-02,
36,-1.140000e+00,-1.000000e-02,
37,-1.220000e+00,-1.800000e-02,
38,-1.200000e+00,-1.000000e-02,
39,-1.140000e+00,-1.800000e-02,
40,-1.200000e+00,-1.200000e-02,
41,-1.120000e+00,-2.200000e-02,
42,-1.180000e+00,-2.000000e-02,
43,-1.120000e+00,-1.000000e-02,
44,-1.180000e+00,-1.800000e-02,
45,-1.100000e+00,-8.000000e-03,
46,-1.160000e+00,-8.000000e-03,
47,-1.060000e+00,-1.800000e-02,
48,-1.100000e+00,-1.200000e-02,
49,-1.000000e+00,-2.400000e-02,
50,-1.060000e+00,-1.800000e-02,
51,-9.400000e-01,-3.000000e-02,
52,-1.000000e+00,-2.600000e-02,
53,-9.000000e-01,-3.800000e-02,
54,-9.600000e-01,-3.800000e-02,
55,-8.400000e-01,-3.000000e-02,
56,-8.800000e-01,-3.600000e-02,
57,-7.800000e-01,-2.800000e-02,
58,-8.400000e-01,-3.200000e-02,
59,-7.600000e-01,-2.200000e-02,
60,-8.000000e-01,-2.600000e-02,
61,-7.400000e-01,-1.800000e-02,
62,-8.000000e-01,-2.200000e-02,
63,-7.200000e-01,-1.200000e-02,
64,-7.800000e-01,-6.000001e-03,
65,-6.800000e-01,-1.600000e-02,
66,-7.400000e-01,-1.600000e-02,
67,-6.400000e-01,-8.000000e-03,
68,-6.800000e-01,-1.400000e-02,
69,-6.000000e-01,-4.000000e-03,
70,-6.400000e-01,-1.000000e-02,
71,-5.600000e-01,2.000000e-03,
72,-6.000000e-01,2.000000e-03,
73,-5.200000e-01,-1.000000e-02,
74,-5.600000e-01,-1.000000e-02,
75,-4.800000e-01,0.000000e+00,
76,-5.400000e-01,-6.000001e-03,
77,-4.400000e-01,4.000000e-03,
78,-5.000000e-01,6.000001e-03,
79,-4.000000e-01,-6.000001e-03,
80,-4.600000e-01,-6.000001e-03,
81,-3.600000e-01,6.000001e-03,
82,-4.200000e-01,2.000000e-03,
83,-3.400000e-01,1.000000e-02,
84,-3.800000e-01,1.400000e-02,
85,-2.800000e-01,6.000001e-03,
86,-3.400000e-01,8.000000e-03,
87,-2.400000e-01,2.000000e-03,
88,-3.000000e-01,4.000000e-03,
89,-2.200000e-01,1.400000e-02,
90,-2.600000e-01,1.600000e-02,
91,-1.800000e-01,8.000000e-03,
92,-2.200000e-01,8.000000e-03,
93,-1.000000e-01,1.600000e-02,
94,-1.600000e-01,1.600000e-02,
95,-4.000000e-02,6.000001e-03,
96,-1.000000e-01,2.000000e-02,
97,0.000000e+00,1.000000e-02,
98,-6.000000e-02,1.200000e-02,
99,6.000000e-02,2.200000e-02,
100,0.000000e+00,2.400000e-02,
101,1.000000e-01,1.600000e-02,
102,6.000000e-02,2.400000e-02,
103,1.600000e-01,1.600000e-02,
104,1.200000e-01,1.800000e-02,
105,2.200000e-01,2.800000e-02,
106,1.800000e-01,2.000000e-02,
107,2.800000e-01,2.800000e-02,
108,2.400000e-01,1.800000e-02,
109,3.200000e-01,2.800000e-02,
110,2.800000e-01,3.000000e-02,
111,3.800000e-01,2.400000e-02,
112,3.200000e-01,2.600000e-02,
113,4.000000e-01,3.800000e-02,
114,3.400000e-01,3.600000e-02,
115,4.400000e-01,3.000000e-02,
116,3.800000e-01,3.000000e-02,
117,4.800000e-01,4.000000e-02,
118,4.200000e-01,3.000000e-02,
119,5.200000e-01,3.600000e-02,
120,4.800000e-01,3.400000e-02,
121,5.800000e-01,2.200000e-02,
122,5.200000e-01,2.400000e-02,
123,6.200000e-01,3.400000e-02,
124,5.800000e-01,2.600000e-02,
125,6.800000e-01,4.000000e-02,
126,6.200000e-01,4.000000e-02,
127,7.000000e-01,3.000000e-02,
128,6.600000e-01,2.600000e-02,
129,7.600000e-01,3.600000e-02,
130,7.000000e-01,3.600000e-02,
131,8.200000e-01,2.600000e-02,
132,7.600000e-01,2.800000e-02,
133,8.600000e-01,4.200000e-02,
134,8.000000e-01,3.400000e-02,
135,9.000000e-01,4.200000e-02,
136,8.400000e-01,4.200000e-02,
137,9.200000e-01,3.400000e-02,
138,8.600000e-01,3.600000e-02,
139,9.400000e-01,4.200000e-02,
140,9.000000e-01,4.000000e-02,
141,9.800000e-01,3.200000e-02,
142,9.200000e-01,3.600000e-02,
143,1.000000e+00,4.600000e-02,
144,9.400000e-01,4.400000e-02,
145,1.020000e+00,3.600000e-02,
146,9.600000e-01,3.600000e-02,
147,1.040000e+00,4.400000e-02,
148,9.800000e-01,4.400000e-02,
149,1.060000e+00,3.600000e-02,
150,1.000000e+00,3.600000e-02,
151,1.080000e+00,4.600000e-02,
152,1.020000e+00,4.000000e-02,
153,1.100000e+00,4.800000e-02,
154,1.020000e+00,4.000000e-02,
155,1.100000e+00,5.000000e-02,
156,1.040000e+00,4.200000e-02,
157,1.100000e+00,5.000000e-02,
158,1.040000e+00,4.200000e-02,
159,1.120000e+00,5.000000e-02,
160,1.080000e+00,4.200000e-02,
161,1.180000e+00,5.400000e-02,
162,1.120000e+00,4.800000e-02,
163,1.220000e+00,5.400000e-02,
164,1.160000e+00,5.000000e-02,
165,1.260000e+00,6.200000e-02,
166,1.200000e+00,6.000000e-02,
167,1.300000e+00,1.040000e-01,
168,1.220000e+00,1.020000e-01,
169,1.300000e+00,1.660000e-01,
170,1.240000e+00,1.760000e-01,
171,1.320000e+00,9.800000e-02,
172,1.260000e+00,1.000000e-01,
173,1.340000e+00,6.000001e-03,
174,1.280000e+00,1.800000e-02,
175,1.360000e+00,6.200000e-02,
176,1.300000e+00,4.000000e-02,
177,1.380000e+00,5.200000e-02,
178,1.320000e+00,5.000000e-02,
179,1.400000e+00,3.800000e-02,
180,1.340000e+00,5.000000e-02,
181,1.420000e+00,4.000000e-02,
182,1.360000e+00,4.200000e-02,
183,1.440000e+00,3.400000e-02,
184,1.440000e+00,4.200000e-02,
185,1.360000e+00,3.400000e-02,
186,1.440000e+00,4.000000e-02,
187,1.360000e+00,3.000000e-02,
188,1.420000e+00,3.400000e-02,
189,1.340000e+00,2.600000e-02,
190,1.400000e+00,3.200000e-02,
191,1.320000e+00,2.400000e-02,
192,1.380000e+00,2.200000e-02,
193,1.320000e+00,3.200000e-02,
194,1.380000e+00,2.000000e-02,
195,1.300000e+00,3.400000e-02,
196,1.360000e+00,3.600000e-02,
197,1.300000e+00,2.200000e-02,
198,1.380000e+00,2.800000e-02,
199,1.300000e+00,2.000000e-02,
200,1.380000e+00,2.400000e-02,
201,1.300000e+00,1.600000e-02,
202,1.320000e+00,1.600000e-02,
203,1.380000e+00,2.200000e-02,
204,1.320000e+00,1.600000e-02,
205,1.400000e+00,2.600000e-02,
206,1.340000e+00,1.400000e-02,
207,1.400000e+00,2.200000e-02,
208,1.340000e+00,1.400000e-02,
209,1.400000e+00,2.600000e-02,
210,1.340000e+00,2.600000e-02,
211,1.420000e+00,1.400000e-02,
212,1.400000e+00,1.200000e-02,
213,1.340000e+00,2.400000e-02,
214,1.400000e+00,2.400000e-02,
215,1.320000e+00,1.600000e-02,
216,1.400000e+00,1.800000e-02,
217,1.320000e+00,2.800000e-02,
218,1.320000e+00,2.400000e-02,
219,1.380000e+00,1.800000e-02,
220,1.360000e+00,1.800000e-02,
221,1.300000e+00,3.000000e-02,
222,1.360000e+00,2.600000e-02,
223,1.280000e+00,3.200000e-02,
224,1.340000e+00,3.200000e-02,
225,1.280000e+00,2.000000e-02,
226,1.340000e+00,1.800000e-02,
227,1.260000e+00,2.800000e-02,
228,1.320000e+00,1.800000e-02,
229,1.260000e+00,2.600000e-02,
230,1.320000e+00,2.800000e-02,
231,1.240000e+00,2.000000e-02,
232,1.320000e+00,2.000000e-02,
233,1.240000e+00,3.000000e-02,
234,1.300000e+00,3.000000e-02,
235,1.220000e+00,2.200000e-02,
236,1.300000e+00,2.200000e-02,
237,1.220000e+00,3.000000e-02,
238,1.220000e+00,2.200000e-02,
239,1.280000e+00,3.000000e-02,
240,1.280000e+00,3.000000e-02,
241,1.200000e+00,2.400000e-02,
242,1.260000e+00,2.400000e-02,
243,1.200000e+00,3.200000e-02,
244,1.260000e+00,3.000000e-02,
245,1.180000e+00,2.200000e-02,
246,1.240000e+00,2.800000e-02,
247,1.140000e+00,1.800000e-02,
248,1.200000e+00,2.000000e-02,
249,1.100000e+00,3.600000e-02,
250,1.140000e+00,3.600000e-02,
251,1.040000e+00,2.400000e-02,
252,1.100000e+00,2.600000e-02,
253,9.800000e-01,3.600000e-02,
254,1.040000e+00,2.800000e-02,
255,9.200000e-01,4.400000e-02,
256,9.600000e-01,4.800000e-02,
257,8.600000e-01,3.800000e-02,
258,9.200000e-01,4.600000e-02,
259,8.400000e-01,3.000000e-02,
260,8.800000e-01,3.400000e-02,
261,8.200000e-01,2.200000e-02,
262,8.000000e-01,3.000000e-02,
263,8.800000e-01,2.000000e-02,
264,8.600000e-01,2.600000e-02,
265,7.800000e-01,1.600000e-02,
266,8.200000e-01,2.400000e-02,
267,7.200000e-01,1.200000e-02,
268,7.800000e-01,1.600000e-02,
269,6.800000e-01,1.000000e-02,
270,7.400000e-01,1.200000e-02,
271,6.400000e-01,1.800000e-02,
272,6.800000e-01,2.000000e-02,
273,6.000000e-01,1.000000e-02,
274,6.600000e-01,1.400000e-02,
275,5.600000e-01,8.000000e-03,
276,6.000000e-01,4.000000e-03,
277,5.200000e-01,1.600000e-02,
278,5.800000e-01,1.400000e-02,
279,5.000000e-01,-2.000000e-03,
280,5.600000e-01,4.000000e-03,
281,4.600000e-01,-2.000000e-03,
282,5.200000e-01,4.000000e-03,
283,4.200000e-01,-1.000000e-02,
284,4.800000e-01,-1.000000e-02,
285,3.800000e-01,-2.000000e-03,
286,4.400000e-01,-4.000000e-03,
287,3.400000e-01,-1.200000e-02,
288,3.800000e-01,-4.000000e-03,
289,3.000000e-01,-1.000000e-02,
290,3.600000e-01,2.000000e-03,
291,2.800000e-01,-1.200000e-02,
292,3.200000e-01,-8.000000e-03,
293,2.000000e-01,-1.800000e-02,
294,2.600000e-01,-1.200000e-02,
295,1.400000e-01,2.000000e-03,
296,2.000000e-01,-4.000000e-03,
297,1.000000e-01,-1.200000e-02,
298,1.400000e-01,-1.200000e-02,
299,4.000000e-02,-4.000000e-03,
300,1.000000e-01,-1.200000e-02,
301,0.000000e+00,-6.000001e-03,
302,6.000000e-02,-6.000001e-03,
303,-6.000000e-02,-1.800000e-02,
304,-2.000000e-02,-1.800000e-02,
305,-1.200000e-01,-1.200000e-02,
306,-6.000000e-02,-1.200000e-02,
307,-1.800000e-01,-2.200000e-02,
308,-1.200000e-01,-2.000000e-02,
309,-2.400000e-01,-1.200000e-02,
310,-1.800000e-01,-2.600000e-02,
311,-2.800000e-01,-1.200000e-02,
312,-2.400000e-01,-1.200000e-02,
313,-3.200000e-01,-2.600000e-02,
314,-2.600000e-01,-2.400000e-02,
315,-3.400000e-01,-1.400000e-02,
316,-3.000000e-01,-1.200000e-02,
317,-4.000000e-01,-2.200000e-02,
318,-3.400000e-01,-2.200000e-02,
319,-4.400000e-01,-1.400000e-02,
320,-3.800000e-01,-2.000000e-02,
321,-4.800000e-01,-3.000000e-02,
322,-4.200000e-01,-3.000000e-02,
323,-5.400000e-01,-2.400000e-02,
324,-4.800000e-01,-2.800000e-02,
325,-5.800000e-01,-2.000000e-02,
326,-5.200000e-01,-2.400000e-02,
327,-6.200000e-01,-3.200000e-02,
328,-5.800000e-01,-3.200000e-02,
329,-6.800000e-01,-1.800000e-02,
330,-6.200000e-01,-3.200000e-02,
331,-7.400000e-01,-2.200000e-02,
332,-6.800000e-01,-2.200000e-02,
333,-8.000000e-01,-3.200000e-02,
334,-7.400000e-01,-3.400000e-02,
335,-8.200000e-01,-2.000000e-02,
336,-7.600000e-01,-2.200000e-02,
337,-8.600000e-01,-3.400000e-02,
338,-8.000000e-01,-2.800000e-02,
339,-8.800000e-01,-3.600000e-02,
340,-8.200000e-01,-2.800000e-02,
341,-9.000000e-01,-4.000000e-02,
342,-8.600000e-01,-4.000000e-02,
343,-9.200000e-01,-3.400000e-02,
344,-8.600000e-01,-3.800000e-02,
345,-9.600000e-01,-2.800000e-02,
346,-9.000000e-01,-3.200000e-02,
347,-9.800000e-01,-3.800000e-02,
348,-9.200000e-01,-4.000000e-02,
349,-1.000000e+00,-3.000000e-02,
350,-1.000000e+00,-3.800000e-02,
351,-9.400000e-01,-2.800000e-02,
352,-9.600000e-01,-3.200000e-02,
353,-1.020000e+00,-2.000000e-02,
354,-9.800000e-01,-2.200000e-02,
355,-1.020000e+00,8.000000e-03,
356,-9.800000e-01,6.000001e-03,
357,-1.040000e+00,4.000000e-02,
358,-9.800000e-01,3.800000e-02,
359,-1.060000e+00,6.400000e-02,
360,-1.000000e+00,6.200000e-02,
361,-1.100000e+00,-4.000000e-03,
362,-1.040000e+00,-2.000000e-03,
363,-1.140000e+00,-6.800000e-02,
364,-1.080000e+00,-6.000000e-02,
365,-1.180000e+00,-1.200000e-02,
366,-1.120000e+00,-1.600000e-02,
367,-1.220000e+00,-3.400000e-02,
368,-1.160000e+00,-2.400000e-02,
369,-1.240000e+00,-4.000000e-02,
370,-1.180000e+00,-2.800000e-02,
371,-1.240000e+00,-3.800000e-02,
372,-1.180000e+00,-2.800000e-02,
373,-1.260000e+00,-3.800000e-02,
374,-1.200000e+00,-2.800000e-02,
375,-1.280000e+00,-3.800000e-02,
376,-1.220000e+00,-3.000000e-02,
377,-1.300000e+00,-3.800000e-02,
378,-1.240000e+00,-3.800000e-02,
379,-1.320000e+00,-2.800000e-02,
380,-1.280000e+00,-3.600000e-02,
381,-1.340000e+00,-2.400000e-02,
382,-1.300000e+00,-3.200000e-02,
383,-1.360000e+00,-1.800000e-02,
384,-1.360000e+00,-2.600000e-02,
385,-1.300000e+00,-1.600000e-02,
386,-1.360000e+00,-2.000000e-02,
387,-1.280000e+00,-1.400000e-02,
388,-1.340000e+00,-2.000000e-02,
389,-1.260000e+00,-1.200000e-02,
390,-1.320000e+00,-1.200000e-02,
391,-1.240000e+00,-2.400000e-02,
392,-1.300000e+00,-2.400000e-02,
393,-1.240000e+00,-1.200000e-02,
394,-1.240000e+00,-1.200000e-02,
395,-1.300000e+00,-2.000000e-02,
396,-1.220000e+00,-2.000000e-02,
397,-1.300000e+00,-1.000000e-02,
398,-1.220000e+00,-8.000000e-03,
399,-1.300000e+00,-1.600000e-02,
400,-1.300000e+00,-6.000001e-03,
401,-1.240000e+00,-1.800000e-02,
402,-1.240000e+00,-1.600000e-02,
403,-1.320000e+00,-4.000000e-03,
404,-1.240000e+00,-1.200000e-02,
405,-1.320000e+00,0.000000e+00,
406,-1.320000e+00,-2.000000e-03,
407,-1.260000e+00,-1.000000e-02,
408,-1.260000e+00,4.000000e-03,
409,-1.340000e+00,-8.000000e-03,
410,-1.260000e+00,-1.000000e-02,
411,-1.340000e+00,-2.000000e-03,
412,-1.320000e+00,0.000000e+00,
413,-1.260000e+00,-8.000000e-03,
414,-1.320000e+00,-1.000000e-02,
415,-1.240000e+00,0.000000e+00,
416,-1.300000e+00,0.000000e+00,
417,-1.240000e+00,-8.000000e-03,
418,-1.300000e+00,-8.000000e-03,
419,-1.220000e+00,2.000000e-03,
420,-1.300000e+00,0.000000e+00,
421,-1.220000e+00,-1.000000e-02,
422,-1.280000e+00,-4.000000e-03,
423,-1.200000e+00,-1.000000e-02,
424,-1.260000e+00,-6.000001e-03,
425,-1.200000e+00,-1.200000e-02,
426,-1.260000e+00,-8.000000e-03,
427,-1.180000e+00,-1.800000e-02,
428,-1.240000e+00,-8.000000e-03,
429,-1.160000e+00,-1.400000e-02,
430,-1.240000e+00,-1.600000e-02,
431,-1.160000e+00,-6.000001e-03,
432,-1.220000e+00,-1.800000e-02,
433,-1.160000e+00,-1.200000e-02,
434,-1.220000e+00,-1.200000e-02,
435,-1.140000e+00,-2.200000e-02,
436,-1.200000e+00,-2.000000e-02,
437,-1.140000e+00,-1.200000e-02,
438,-1.200000e+00,-2.000000e-02,
439,-1.140000e+00,-1.200000e-02,
440,-1.200000e+00,-1.200000e-02,
441,-1.120000e+00,-2.000000e-02,
442,-1.180000e+00,-2.000000e-02,
443,-1.120000e+00,-1.400000e-02,
444,-1.180000e+00,-2.000000e-02,
445,-1.100000e+00,-1.000000e-02,
446,-1.160000e+00,-1.000000e-02,
447,-1.060000e+00,-1.800000e-02,
448,-1.120000e+00,-1.600000e-02,
449,-1.020000e+00,-2.400000e-02,
450,-1.060000e+00,-2.400000e-02,
451,-9.600000e-01,-1.800000e-02,
452,-1.000000e+00,-1.800000e-02,
453,-9.000000e-01,-3.800000e-02,
454,-9.600000e-01,-3.000000e-02,
455,-8.400000e-01,-4.000000e-02,
456,-9.000000e-01,-4.000000e-02,
457,-7.800000e-01,-3.000000e-02,
458,-8.400000e-01,-3.000000e-02,
459,-7.600000e-01,-4.000000e-02,
460,-8.000000e-01,-3.600000e-02,
461,-7.400000e-01,-2.000000e-02,
462,-8.000000e-01,-2.200000e-02,
463,-7.200000e-01,-1.200000e-02,
464,-7.800000e-01,-1.200000e-02,
465,-6.800000e-01,-2.200000e-02,
466,-7.400000e-01,-2.000000e-02,
467,-6.600000e-01,-6.000001e-03,
468,-7.000000e-01,-1.200000e-02,
469,-6.000000e-01,-4.000000e-03,
470,-6.600000e-01,-1.200000e-02,
471,-5.600000e-01,0.000000e+00,
472,-6.200000e-01,-1.000000e-02,
473,-5.200000e-01,0.000000e+00,
474,-5.800000e-01,-6.000001e-03,
475,-4.800000e-01,4.000000e-03,
476,-5.400000e-01,-8.000000e-03,
477,-4.400000e-01,6.000001e-03,
478,-5.000000e-01,8.000000e-03,
479,-4.000000e-01,0.000000e+00,
480,-4.600000e-01,2.000000e-03,
481,-3.800000e-01,8.000000e-03,
482,-4.200000e-01,2.000000e-03,
483,-3.400000e-01,1.000000e-02,
484,-4.000000e-01,6.000001e-03,
485,-3.000000e-01,1.400000e-02,
486,-3.400000e-01,8.000000e-03,
487,-2.400000e-01,2.000000e-02,
488,-3.000000e-01,2.000000e-02,
489,-2.200000e-01,1.000000e-02,
490,-2.600000e-01,1.800000e-02,
491,-1.800000e-01,1.000000e-02,
492,-2.200000e-01,1.600000e-02,
493,-1.200000e-01,8.000000e-03,
494,-1.600000e-01,1.000000e-02,
495,-6.000000e-02,1.800000e-02,
496,-1.200000e-01,1.000000e-02,
497,-2.000000e-02,2.000000e-02,
498,-6.000000e-02,2.200000e-02,
499,4.000000e-02,1.200000e-02,
500,-2.000000e-02,1.600000e-02,
501,1.000000e-01,2.400000e-02,
502,4.000000e-02,1.800000e-02,
503,1.600000e-01,2.400000e-02,
504,1.000000e-01,1.600000e-02,
505,2.200000e-01,2.800000e-02,
506,1.800000e-01,2.800000e-02,
507,2.800000e-01,2.000000e-02,
508,2.200000e-01,2.200000e-02,
509,3.200000e-01,3.200000e-02,
510,2.800000e-01,2.400000e-02,
511,3.800000e-01,3.400000e-02,
512,3.200000e-01,2.600000e-02,
513,4.000000e-01,3.400000e-02,
514,3.600000e-01,2.800000e-02,
515,4.400000e-01,3.400000e-02,
516,3.800000e-01,3.600000e-02,
517,4.800000e-01,2.800000e-02,
518,4.200000e-01,2.400000e-02,
519,5.200000e-01,3.600000e-02,
520,4.600000e-01,3.600000e-02,
521,5.800000e-01,2.400000e-02,
522,5.200000e-01,2.200000e-02,
523,6.200000e-01,3.000000e-02,
524,5.600000e-01,2.200000e-02,
525,6.600000e-01,3.200000e-02,
526,6.000000e-01,2.200000e-02,
527,7.000000e-01,3.200000e-02,
528,6.400000e-01,2.600000e-02,
529,7.400000e-01,3.400000e-02,
530,7.000000e-01,2.800000e-02,
531,8.200000e-01,3.600000e-02,
532,7.600000e-01,3.400000e-02,
533,8.600000e-01,2.600000e-02,
534,8.000000e-01,2.600000e-02,
535,9.000000e-01,3.400000e-02,
536,8.400000e-01,3.000000e-02,
537,9.200000e-01,3.800000e-02,
538,8.800000e-01,2.800000e-02,
539,9.400000e-01,4.000000e-02,
540,9.000000e-01,3.400000e-02,
541,9.800000e-01,4.200000e-02,
542,9.200000e-01,3.400000e-02,
543,1.000000e+00,4.400000e-02,
544,9.400000e-01,4.600000e-02,
545,1.020000e+00,3.600000e-02,
546,9.600000e-01,3.600000e-02,
547,1.040000e+00,4.200000e-02,
548,9.800000e-01,3.600000e-02,
549,1.060000e+00,4.800000e-02,
550,1.000000e+00,3.600000e-02,
551,1.080000e+00,4.600000e-02,
552,1.020000e+00,4.800000e-02,
553,1.100000e+00,3.800000e-02,
554,1.020000e+00,3.400000e-02,
555,1.100000e+00,5.000000e-02,
556,1.040000e+00,5.200000e-02,
557,1.100000e+00,4.000000e-02,
558,1.040000e+00,4.200000e-02,
559,1.120000e+00,5.200000e-02,
560,1.080000e+00,4.000000e-02,
561,1.160000e+00,4.800000e-02,
562,1.120000e+00,5.200000e-02,
563,1.200000e+00,4.000000e-02,
564,1.160000e+00,4.200000e-02,
565,1.240000e+00,5.800000e-02,
566,1.200000e+00,5.600000e-02,
567,1.280000e+00,9.200001e-02,
568,1.220000e+00,8.800001e-02,
569,1.300000e+00,1.600000e-01,
570,1.260000e+00,1.760000e-01,
571,1.320000e+00,1.180000e-01,
572,1.260000e+00,1.200000e-01,
573,1.340000e+00,2.000000e-03,
574,1.280000e+00,6.000001e-03,
575,1.360000e+00,6.400000e-02,
576,1.300000e+00,4.600000e-02,
577,1.380000e+00,3.000000e-02,
578,1.320000e+00,4.600000e-02,
579,1.400000e+00,3.400000e-02,
580,1.340000e+00,4.200000e-02,
581,1.420000e+00,3.200000e-02,
582,1.360000e+00,3.400000e-02,
583,1.440000e+00,2.800000e-02,
584,1.380000e+00,3.400000e-02,
585,1.440000e+00,2.400000e-02,
586,1.440000e+00,2.600000e-02,
587,1.360000e+00,1.600000e-02,
588,1.420000e+00,2.400000e-02,
589,1.340000e+00,1.600000e-02,
590,1.400000e+00,2.800000e-02,
591,1.320000e+00,2.000000e-02,
592,1.380000e+00,2.800000e-02,
593,1.320000e+00,1.000000e-02,
594,1.360000e+00,1.000000e-02,
595,1.320000e+00,2.400000e-02,
596,1.360000e+00,2.200000e-02,
597,1.300000e+00,3.000000e-02,
598,1.300000e+00,2.000000e-02,
599,1.380000e+00,3.000000e-02,
600,1.300000e+00,2.800000e-02,
601,1.380000e+00,2.200000e-02,
602,1.320000e+00,2.600000e-02,
603,1.380000e+00,1.800000e-02,
604,1.320000e+00,1.800000e-02,
605,1.400000e+00,2.400000e-02,
606,1.340000e+00,1.800000e-02,
607,1.400000e+00,2.600000e-02,
608,1.340000e+00,1.800000e-02,
609,1.420000e+00,2.400000e-02,
610,1.400000e+00,2.400000e-02,
611,1.340000e+00,1.400000e-02,
612,1.400000e+00,1.200000e-02,
613,1.340000e+00,2.200000e-02,
614,1.340000e+00,1.000000e-02,
615,1.400000e+00,2.000000e-02,
616,1.380000e+00,1.400000e-02,
617,1.320000e+00,2.200000e-02,
618,1.380000e+00,2.200000e-02,
619,1.300000e+00,1.400000e-02,
620,1.360000e+00,2.400000e-02,
621,1.300000e+00,1.600000e-02,
622,1.340000e+00,1.600000e-02,
623,1.280000e+00,2.800000e-02,
624,1.340000e+00,1.600000e-02,
625,1.260000e+00,2.800000e-02,
626,1.260000e+00,1.800000e-02,
627,1.340000e+00,2.600000e-02,
628,1.320000e+00,2.600000e-02,
629,1.260000e+00,1.800000e-02,
630,1.320000e+00,2.000000e-02,
631,1.240000e+00,3.000000e-02,
632,1.300000e+00,2.200000e-02,
633,1.240000e+00,2.800000e-02,
634,1.300000e+00,2.800000e-02,
635,1.220000e+00,2.000000e-02,
636,1.220000e+00,2.200000e-02,
637,1.300000e+00,3.400000e-02,
638,1.220000e+00,3.000000e-02,
639,1.280000e+00,2.400000e-02,
640,1.280000e+00,3.200000e-02,
641,1.200000e+00,2.400000e-02,
642,1.260000e+00,3.200000e-02,
643,1.200000e+00,2.400000e-02,
644,1.260000e+00,3.000000e-02,
645,1.180000e+00,2.200000e-02,
646,1.240000e+00,2.200000e-02,
647,1.160000e+00,3.800000e-02,
648,1.200000e+00,4.000000e-02,
649,1.100000e+00,3.200000e-02,
650,1.160000e+00,3.400000e-02,
651,1.040000e+00,4.400000e-02,
652,1.100000e+00,3.200000e-02,
653,1.000000e+00,4.400000e-02,
654,1.040000e+00,3.800000e-02,
655,9.200000e-01,4.600000e-02,
656,9.800000e-01,3.800000e-02,
657,8.800000e-01,5.000000e-02,
658,9.200000e-01,5.000000e-02,
659,8.400000e-01,3.600000e-02,
660,9.000000e-01,4.000000e-02,
661,8.200000e-01,2.800000e-02,
662,8.800000e-01,3.400000e-02,
663,8.000000e-01,2.600000e-02,
664,8.600000e-01,3.200000e-02,
665,7.800000e-01,1.800000e-02,
666,8.400000e-01,2.000000e-02,
667,7.200000e-01,2.800000e-02,
668,7.800000e-01,2.600000e-02,
669,6.800000e-01,1.600000e-02,
670,7.400000e-01,1.800000e-02,
671,6.400000e-01,2.400000e-02,
672,7.000000e-01,1.400000e-02,
673,6.000000e-01,2.400000e-02,
674,6.600000e-01,8.000000e-03,
675,5.800000e-01,2.000000e-02,
676,6.200000e-01,2.000000e-02,
677,5.400000e-01,6.000001e-03,
678,6.000000e-01,1.000000e-02,
679,5.000000e-01,4.000000e-03,
680,5.600000e-01,1.000000e-02,
681,4.600000e-01,2.000000e-03,
682,5.200000e-01,6.000001e-03,
683,4.400000e-01,-2.000000e-03,
684,4.800000e-01,1.000000e-02,
685,3.800000e-01,-2.000000e-03,
686,4.400000e-01,-4.000000e-03,
687,3.400000e-01,1.400000e-02,
688,4.000000e-01,1.000000e-02,
689,3.200000e-01,-4.000000e-03,
690,3.600000e-01,0.000000e+00,
691,2.800000e-01,-6.000001e-03,
692,3.200000e-01,-8.000000e-03,
693,2.200000e-01,6.000001e-03,
694,2.600000e-01,0.000000e+00,
695,1.600000e-01,-6.000001e-03,
696,2.000000e-01,2.000000e-03,
697,1.000000e-01,-1.000000e-02,
698,1.600000e-01,-1.200000e-02,
699,6.000000e-02,-2.000000e-03,
700,1.200000e-01,-4.000000e-03,
701,2.000000e-02,-1.200000e-02,
702,6.000000e-02,-1.200000e-02,
703,-4.000000e-02,-4.000000e-03,
704,0.000000e+00,-4.000000e-03,
705,-1.000000e-01,-1.200000e-02,
706,-6.000000e-02,-6.000001e-03,
707,-1.600000e-01,-1.800000e-02,
708,-1.200000e-01,-1.600000e-02,
709,-2.200000e-01,-1.000000e-02,
710,-1.800000e-01,-1.000000e-02,
711,-2.800000e-01,-2.200000e-02,
712,-2.400000e-01,-2.800000e-02,
713,-3.200000e-01,-1.400000e-02,
714,-2.600000e-01,-1.400000e-02,
715,-3.400000e-01,-2.200000e-02,
716,-3.000000e-01,-1.600000e-02,
717,-3.800000e-01,-3.000000e-02,
718,-3.200000e-01,-2.800000e-02,
719,-4.200000e-01,-2.000000e-02,
720,-3.600000e-01,-1.800000e-02,
721,-4.800000e-01,-2.600000e-02,
722,-4.200000e-01,-2.400000e-02,
723,-5.200000e-01,-3.800000e-02,
724,-4.800000e-01,-3.600000e-02,
725,-5.800000e-01,-2.600000e-02,
726,-5.200000e-01,-2.400000e-02,
727,-6.200000e-01,-3.200000e-02,
728,-5.600000e-01,-2.600000e-02,
729,-6.600000e-01,-3.600000e-02,
730,-6.200000e-01,-2.600000e-02,
731,-7.200000e-01,-3.400000e-02,
732,-6.800000e-01,-3.600000e-02,
733,-7.800000e-01,-2.800000e-02,
734,-7.200000e-01,-3.400000e-02,
735,-8.200000e-01,-2.200000e-02,
736,-7.600000e-01,-2.600000e-02,
737,-8.400000e-01,-3.600000e-02,
738,-8.000000e-01,-3.200000e-02,
739,-8.800000e-01,-2.600000e-02,
740,-8.200000e-01,-2.800000e-02,
741,-9.000000e-01,-3.600000e-02,
742,-8.400000e-01,-3.400000e-02,
743,-9.200000e-01,-2.600000e-02,
744,-8.800000e-01,-2.800000e-02,
745,-9.400000e-01,-3.600000e-02,
746,-9.000000e-01,-3.600000e-02,
747,-9.800000e-01,-2.200000e-02,
748,-9.200000e-01,-3.200000e-02,
749,-1.000000e+00,-2.400000e-02,
750,-9.400000e-01,-2.800000e-02,
751,-1.000000e+00,-2.000000e-02,
752,-9.400000e-01,-2.600000e-02,
753,-1.020000e+00,-1.600000e-02,
754,-9.600000e-01,-2.000000e-02,
755,-1.020000e+00,4.000000e-03,
756,-1.020000e+00,2.000000e-03,
757,-9.600000e-01,3.600000e-02,
758,-9.800000e-01,3.400000e-02,
759,-1.060000e+00,6.400000e-02,
760,-1.000000e+00,6.400000e-02,
761,-1.100000e+00,1.000000e-02,
762,-1.040000e+00,1.200000e-02,
763,-1.140000e+00,-7.400000e-02,
764,-1.080000e+00,-7.000000e-02,
765,-1.180000e+00,-1.200000e-02,
766,-1.140000e+00,-1.200000e-02,
767,-1.200000e+00,-4.200000e-02,
768,-1.140000e+00,-3.000000e-02,
769,-1.220000e+00,-4.200000e-02,
770,-1.180000e+00,-4.000000e-02,
771,-1.240000e+00,-3.200000e-02,
772,-1.180000e+00,-4.000000e-02,
773,-1.260000e+00,-3.000000e-02,
774,-1.200000e+00,-2.800000e-02,
775,-1.280000e+00,-4.000000e-02,
776,-1.220000e+00,-3.200000e-02,
777,-1.300000e+00,-4.200000e-02,
778,-1.240000e+00,-4.000000e-02,
779,-1.340000e+00,-2.800000e-02,
780,-1.280000e+00,-2.800000e-02,
781,-1.340000e+00,-3.400000e-02,
782,-1.300000e+00,-3.600000e-02,
783,-1.360000e+00,-2.400000e-02,
784,-1.300000e+00,-2.800000e-02,
785,-1.380000e+00,-1.600000e-02,
786,-1.360000e+00,-1.800000e-02,
787,-1.280000e+00,-1.200000e-02,
788,-1.340000e+00,-1.000000e-02,
789,-1.260000e+00,-2.000000e-02,
790,-1.320000e+00,-1.400000e-02,
791,-1.260000e+00,-2.000000e-02,
792,-1.300000e+00,-1.000000e-02,
793,-1.240000e+00,-2.400000e-02,
794,-1.300000e+00,-1.000000e-02,
795,-1.220000e+00,-2.000000e-02,
796,-1.220000e+00,-2.000000e-02,
797,-1.300000e+00,-1.000000e-02,
798,-1.220000e+00,-2.000000e-02,
799,-1.300000e+00,-1.000000e-02,
800,-1.220000e+00,-1.200000e-02,
801,-1.300000e+00,-6.000001e-03,
802,-1.240000e+00,-1.000000e-02,
803,-1.300000e+00,-1.800000e-02,
804,-1.240000e+00,-1.400000e-02,
805,-1.320000e+00,-8.000000e-03,
806,-1.260000e+00,-6.000001e-03,
807,-1.320000e+00,-1.400000e-02,
808,-1.260000e+00,-1.200000e-02,
809,-1.340000e+00,-4.000000e-03,
810,-1.260000e+00,-8.000000e-03,
811,-1.340000e+00,0.000000e+00,
812,-1.320000e+00,-8.000000e-03,
813,-1.260000e+00,0.000000e+00,
814,-1.320000e+00,-2.000000e-03,
815,-1.260000e+00,-1.200000e-02,
816,-1.300000e+00,-1.200000e-02,
817,-1.240000e+00,0.000000e+00,
818,-1.240000e+00,-1.000000e-02,
819,-1.300000e+00,0.000000e+00,
820,-1.280000e+00,-4.000000e-03,
821,-1.220000e+00,-1.000000e-02,
822,-1.220000e+00,-8.000000e-03,
823,-1.280000e+00,-1.400000e-02,
824,-1.260000e+00,-8.000000e-03,
825,-1.200000e+00,-1.800000e-02,
826,-1.260000e+00,-8.000000e-03,
827,-1.180000e+00,-1.600000e-02,
828,-1.260000e+00,-1.800000e-02,
829,-1.180000e+00,-1.200000e-02,
830,-1.240000e+00,-1.400000e-02,
831,-1.160000e+00,-2.200000e-02,
832,-1.220000e+00,-2.400000e-02,
833,-1.160000e+00,-1.000000e-02,
834,-1.160000e+00,-1.000000e-02,
835,-1.220000e+00,-1.600000e-02,
836,-1.140000e+00,-1.000000e-02,
837,-1.220000e+00,-1.800000e-02,
838,-1.200000e+00,-1.400000e-02,
839,-1.140000e+00,-2.200000e-02,
840,-1.140000e+00,-2.000000e-02,
841,-1.200000e+00,-1.200000e-02,
842,-1.120000e+00,-1.200000e-02,
843,-1.200000e+00,-2.000000e-02,
844,-1.180000e+00,-2.200000e-02,
845,-1.100000e+00,-8.000000e-03,
846,-1.160000e+00,-1.000000e-02,
847,-1.060000e+00,-1.800000e-02,
848,-1.120000e+00,-1.200000e-02,
849,-1.020000e+00,-2.400000e-02,
850,-1.080000e+00,-1.600000e-02,
851,-9.800000e-01,-2.600000e-02,
852,-1.020000e+00,-2.000000e-02,
853,-9.200000e-01,-3.400000e-02,
854,-9.600000e-01,-3.200000e-02,
855,-8.400000e-01,-4.000000e-02,
856,-9.000000e-01,-4.000000e-02,
857,-8.000000e-01,-3.000000e-02,
858,-8.400000e-01,-3.800000e-02,
859,-7.600000e-01,-2.600000e-02,
860,-8.200000e-01,-3.400000e-02,
861,-7.400000e-01,-2.400000e-02,
862,-7.400000e-01,-2.800000e-02,
863,-8.000000e-01,-1.400000e-02,
864,-7.800000e-01,-1.800000e-02,
865,-7.000000e-01,-8.000000e-03,
866,-7.400000e-01,-8.000000e-03,
867,-6.600000e-01,-1.400000e-02,
868,-7.000000e-01,-8.000000e-03,
869,-6.000000e-01,-1.600000e-02,
870,-6.600000e-01,-1.600000e-02,
871,-5.600000e-01,-8.000000e-03,
872,-6.200000e-01,-1.400000e-02,
873,-5.200000e-01,-6.000001e-03,
874,-5.800000e-01,-1.200000e-02,
875,-4.800000e-01,0.000000e+00,
876,-5.400000e-01,-8.000000e-03,
877,-4.400000e-01,0.000000e+00,
878,-5.000000e-01,-4.000000e-03,
879,-4.000000e-01,8.000000e-03,
880,-4.600000e-01,1.000000e-02,
881,-3.800000e-01,0.000000e+00,
882,-4.400000e-01,0.000000e+00,
883,-3.400000e-01,1.000000e-02,
884,-4.000000e-01,-2.000000e-03,
885,-3.000000e-01,1.200000e-02,
886,-3.600000e-01,0.000000e+00,
887,-2.600000e-01,1.000000e-02,
888,-3.000000e-01,6.000001e-03,
889,-2.200000e-01,1.200000e-02,
890,-2.800000e-01,4.000000e-03,
891,-1.800000e-01,1.200000e-02,
892,-2.400000e-01,4.000000e-03,
893,-1.200000e-01,1.600000e-02,
894,-1.800000e-01,1.000000e-02,
895,-6.000000e-02,1.800000e-02,
896,-1.200000e-01,1.800000e-02,
897,-2.000000e-02,1.200000e-02,
898,-6.000000e-02,2.000000e-02,
899,4.000000e-02,1.000000e-02,
900,-2.000000e-02,1.200000e-02,
901,1.000000e-01,2.400000e-02,
902,4.000000e-02,1.600000e-02,
903,1.400000e-01,2.200000e-02,
904,1.000000e-01,1.800000e-02,
905,2.000000e-01,2.600000e-02,
906,1.400000e-01,2.000000e-02,
907,2.600000e-01,2.600000e-02,
908,2.000000e-01,2.000000e-02,
909,3.000000e-01,2.800000e-02,
910,2.600000e-01,2.000000e-02,
911,3.600000e-01,3.400000e-02,
912,3.200000e-01,3.400000e-02,
913,4.000000e-01,2.200000e-02,
914,3.600000e-01,3.000000e-02,
915,4.400000e-01,3.600000e-02,
916,3.800000e-01,3.800000e-02,
917,4.600000e-01,3.000000e-02,
918,4.200000e-01,3.800000e-02,
919,5.200000e-01,3.000000e-02,
920,4.600000e-01,3.400000e-02,
921,5.600000e-01,2.600000e-02,
922,5.200000e-01,2.600000e-02,
923,6.000000e-01,3.400000e-02,
924,5.600000e-01,3.000000e-02,
925,6.400000e-01,3.600000e-02,
926,6.000000e-01,3.000000e-02,
927,6.800000e-01,4.000000e-02,
928,6.400000e-01,3.800000e-02,
929,7.400000e-01,3.200000e-02,
930,6.800000e-01,3.600000e-02,
931,8.000000e-01,2.800000e-02,
932,7.400000e-01,2.800000e-02,
933,8.600000e-01,3.600000e-02,
934,8.000000e-01,3.400000e-02,
935,9.000000e-01,4.200000e-02,
936,8.400000e-01,3.000000e-02,
937,9.200000e-01,4.000000e-02,
938,8.600000e-01,3.800000e-02,
939,9.400000e-01,4.400000e-02,
940,8.800000e-01,5.000000e-02,
941,9.600000e-01,3.600000e-02,
942,9.200000e-01,3.400000e-02,
943,1.000000e+00,4.400000e-02,
944,9.400000e-01,3.600000e-02,
945,1.020000e+00,4.600000e-02,
946,9.600000e-01,4.200000e-02,
947,1.040000e+00,5.000000e-02,
948,9.800000e-01,4.200000e-02,
949,1.060000e+00,5.200000e-02,
950,1.000000e+00,5.200000e-02,
951,1.080000e+00,4.200000e-02,
952,1.020000e+00,5.200000e-02,
953,1.080000e+00,4.400000e-02,
954,1.020000e+00,4.200000e-02,
955,1.100000e+00,5.000000e-02,
956,1.040000e+00,5.600000e-02,
957,1.100000e+00,4.600000e-02,
958,1.040000e+00,4.800000e-02,
959,1.120000e+00,5.400000e-02,
960,1.060000e+00,5.600000e-02,
961,1.160000e+00,4.400000e-02,
962,1.100000e+00,4.400000e-02,
963,1.200000e+00,5.400000e-02,
964,1.140000e+00,5.000000e-02,
965,1.240000e+00,6.600000e-02,
966,1.180000e+00,6.000000e-02,
967,1.280000e+00,8.800001e-02,
968,1.220000e+00,8.600000e-02,
969,1.300000e+00,1.580000e-01,
970,1.260000e+00,1.800000e-01,
971,1.320000e+00,1.380000e-01,
972,1.260000e+00,1.420000e-01,
973,1.340000e+00,8.000000e-03,
974,1.280000e+00,8.000000e-03,
975,1.340000e+00,6.600000e-02,
976,1.300000e+00,5.800000e-02,
977,1.360000e+00,3.800000e-02,
978,1.320000e+00,5.000000e-02,
979,1.400000e+00,4.000000e-02,
980,1.340000e+00,4.400000e-02,
981,1.420000e+00,3.000000e-02,
982,1.360000e+00,3.000000e-02,
983,1.440000e+00,4.000000e-02,
984,1.440000e+00,3.600000e-02,
985,1.380000e+00,3.000000e-02,
986,1.440000e+00,3.600000e-02,
987,1.360000e+00,2.800000e-02,
988,1.420000e+00,3.000000e-02,
989,1.340000e+00,2.000000e-02,
990,1.400000e+00,2.000000e-02,
991,1.320000e+00,3.200000e-02,
992,1.320000e+00,3.200000e-02,
993,1.400000e+00,1.800000e-02,
994,1.320000e+00,1.800000e-02,
995,1.380000e+00,2.600000e-02,
996,1.360000e+00,2.600000e-02,
997,1.300000e+00,1.600000e-02,
998,1.360000e+00,2.200000e-02,
999,1.300000e+00,1.600000e-02,
1000,1.320000e+00,1.600000e-02,
1001,1.380000e+00,2.400000e-02,
1002,1.320000e+00,2.400000e-02,
1003,1.380000e+00,1.200000e-02,
1004,1.320000e+00,1.000000e-02,
1005,1.400000e+00,2.000000e-02,
1006,1.340000e+00,1.800000e-02,
1007,1.400000e+00,2.800000e-02,
1008,1.340000e+00,2.400000e-02,
1009,1.400000e+00,1.600000e-02,
1010,1.340000e+00,2.400000e-02,
1011,1.420000e+00,1.400000e-02,
1012,1.400000e+00,1.600000e-02,
1013,1.340000e+00,2.200000e-02,
1014,1.340000e+00,1.200000e-02,
1015,1.400000e+00,2.600000e-02,
1016,1.400000e+00,2.000000e-02,
1017,1.320000e+00,2.600000e-02,
1018,1.380000e+00,2.800000e-02,
1019,1.300000e+00,1.800000e-02,
1020,1.380000e+00,2.200000e-02,
1021,1.300000e+00,3.000000e-02,
1022,1.300000e+00,2.000000e-02,
1023,1.360000e+00,3.000000e-02,
1024,1.340000e+00,2.800000e-02,
1025,1.280000e+00,2.000000e-02,
1026,1.340000e+00,2.200000e-02,
1027,1.260000e+00,3.600000e-02,
1028,1.320000e+00,3.400000e-02,
1029,1.260000e+00,2.400000e-02,
1030,1.320000e+00,2.800000e-02,
1031,1.260000e+00,3.400000e-02,
1032,1.320000e+00,2.600000e-02,
1033,1.240000e+00,3.800000e-02,
1034,1.240000e+00,3.600000e-02,
1035,1.300000e+00,2.600000e-02,
1036,1.280000e+00,3.800000e-02,
1037,1.220000e+00,3.000000e-02,
1038,1.280000e+00,2.800000e-02,
1039,1.200000e+00,3.600000e-02,
1040,1.280000e+00,3.400000e-02,
1041,1.200000e+00,2.600000e-02,
1042,1.260000e+00,2.800000e-02,
1043,1.200000e+00,3.400000e-02,
1044,1.260000e+00,3.400000e-02,
1045,1.180000e+00,2.600000e-02,
1046,1.260000e+00,3.400000e-02,
1047,1.160000e+00,2.400000e-02,
1048,1.220000e+00,3.200000e-02,
1049,1.100000e+00,2.200000e-02,
1050,1.160000e+00,2.400000e-02,
1051,1.060000e+00,4.000000e-02,
1052,1.100000e+00,3.200000e-02,
1053,1.000000e+00,4.200000e-02,
1054,1.040000e+00,3.800000e-02,
1055,9.400000e-01,4.400000e-02,
1056,9.800000e-01,4.000000e-02,
1057,8.800000e-01,5.400000e-02,
1058,9.200000e-01,5.000000e-02,
1059,8.400000e-01,3.400000e-02,
1060,9.000000e-01,4.000000e-02,
1061,8.200000e-01,3.400000e-02,
1062,8.800000e-01,3.600000e-02,
1063,8.000000e-01,2.600000e-02,
1064,8.600000e-01,3.400000e-02,
1065,7.800000e-01,2.400000e-02,
1066,8.200000e-01,3.000000e-02,
1067,7.400000e-01,2.200000e-02,
1068,7.800000e-01,2.000000e-02,
1069,6.800000e-01,2.800000e-02,
1070,7.400000e-01,2.800000e-02,
1071,6.600000e-01,1.800000e-02,
1072,7.000000e-01,2.400000e-02,
1073,6.200000e-01,1.400000e-02,
1074,6.600000e-01,1.200000e-02,
1075,5.800000e-01,2.000000e-02,
1076,6.200000e-01,1.800000e-02,
1077,5.400000e-01,1.000000e-02,
1078,5.800000e-01,1.600000e-02,
1079,5.000000e-01,6.000001e-03,
1080,5.400000e-01,1.000000e-02,
1081,4.600000e-01,4.000000e-03,
1082,5.200000e-01,1.400000e-02,
1083,4.400000e-01,4.000000e-03,
1084,5.000000e-01,8.000000e-03,
1085,4.000000e-01,0.000000e+00,
1086,4.600000e-01,0.000000e+00,
1087,3.400000e-01,8.000000e-03,
1088,4.000000e-01,8.000000e-03,
1089,3.200000e-01,-6.000001e-03,
1090,3.600000e-01,-6.000001e-03,
1091,2.800000e-01,6.000001e-03,
1092,3.400000e-01,4.000000e-03,
1093,2.200000e-01,-6.000001e-03,
1094,2.600000e-01,-4.000000e-03,
1095,1.600000e-01,2.000000e-03,
1096,2.000000e-01,2.000000e-03,
1097,1.000000e-01,-6.000001e-03,
1098,1.600000e-01,-8.000000e-03,
1099,6.000000e-02,-2.000000e-03,
1100,1.200000e-01,0.000000e+00,
1101,2.000000e-02,-1.200000e-02,
1102,6.000000e-02,-1.000000e-02,
1103,-4.000000e-02,0.000000e+00,
1104,0.000000e+00,-2.000000e-03,
1105,-1.000000e-01,-1.200000e-02,
1106,-4.000000e-02,-1.400000e-02,
1107,-1.600000e-01,-2.000000e-03,
1108,-1.000000e-01,-2.000000e-03,
1109,-2.200000e-01,-1.200000e-02,
1110,-1.600000e-01,-6.000001e-03,
1111,-2.800000e-01,-1.400000e-02,
1112,-2.200000e-01,-1.200000e-02,
1113,-3.000000e-01,-2.000000e-02,
1114,-2.600000e-01,-1.200000e-02,
1115,-3.400000e-01,-2.200000e-02,
1116,-2.800000e-01,-1.400000e-02,
1117,-3.600000e-01,-2.600000e-02,
1118,-3.200000e-01,-2.800000e-02,
1119,-4.200000e-01,-1.600000e-02,
1120,-3.800000e-01,-1.600000e-02,
1121,-4.800000e-01,-2.800000e-02,
1122,-4.200000e-01,-2.600000e-02,
1123,-5.200000e-01,-2.000000e-02,
1124,-4.800000e-01,-2.200000e-02,
1125,-5.800000e-01,-3.600000e-02,
1126,-5.200000e-01,-3.600000e-02,
1127,-6.000000e-01,-2.200000e-02,
1128,-5.600000e-01,-3.000000e-02,
1129,-6.600000e-01,-2.200000e-02,
1130,-6.000000e-01,-3.000000e-02,
1131,-7.200000e-01,-1.800000e-02,
1132,-6.600000e-01,-2.800000e-02,
1133,-7.800000e-01,-2.000000e-02,
1134,-7.000000e-01,-1.800000e-02,
1135,-8.000000e-01,-3.000000e-02,
1136,-7.400000e-01,-2.800000e-02,
1137,-8.400000e-01,-1.800000e-02,
1138,-7.800000e-01,-2.200000e-02,
1139,-8.800000e-01,-3.200000e-02,
1140,-8.200000e-01,-2.800000e-02,
1141,-9.000000e-01,-2.200000e-02,
1142,-8.400000e-01,-2.200000e-02,
1143,-9.200000e-01,-3.000000e-02,
1144,-8.800000e-01,-2.400000e-02,
1145,-9.400000e-01,-3.000000e-02,
1146,-9.000000e-01,-3.000000e-02,
1147,-9.800000e-01,-2.000000e-02,
1148,-9.200000e-01,-3.200000e-02,
1149,-9.800000e-01,-2.400000e-02,
1150,-9.400000e-01,-2.800000e-02,
1151,-1.000000e+00,-1.600000e-02,
1152,-9.400000e-01,-2.000000e-02,
1153,-1.020000e+00,-8.000000e-03,
1154,-9.600000e-01,-1.600000e-02,
1155,-1.020000e+00,6.000001e-03,
1156,-9.600000e-01,4.000000e-03,
1157,-1.020000e+00,4.400000e-02,
1158,-9.600000e-01,4.200000e-02,
1159,-1.040000e+00,7.200000e-02,
1160,-1.000000e+00,7.400000e-02,
1161,-1.080000e+00,2.600000e-02,
1162,-1.040000e+00,2.800000e-02,
1163,-1.120000e+00,-6.400000e-02,
1164,-1.080000e+00,-6.400000e-02,
1165,-1.160000e+00,-6.000001e-03,
1166,-1.120000e+00,-4.000000e-03,
1167,-1.200000e+00,-4.000000e-02,
1168,-1.140000e+00,-3.400000e-02,
1169,-1.220000e+00,-2.000000e-02,
1170,-1.180000e+00,-2.800000e-02,
1171,-1.240000e+00,-3.600000e-02,
1172,-1.180000e+00,-3.800000e-02,
1173,-1.260000e+00,-2.600000e-02,
1174,-1.200000e+00,-2.400000e-02,
1175,-1.280000e+00,-3.600000e-02,
1176,-1.220000e+00,-3.400000e-02,
1177,-1.300000e+00,-2.800000e-02,
1178,-1.240000e+00,-2.600000e-02,
1179,-1.320000e+00,-3.600000e-02,
1180,-1.260000e+00,-3.200000e-02,
1181,-1.340000e+00,-2.400000e-02,
1182,-1.280000e+00,-3.200000e-02,
1183,-1.360000e+00,-2.000000e-02,
1184,-1.300000e+00,-2.400000e-02,
1185,-1.360000e+00,-1.400000e-02,
1186,-1.360000e+00,-2.400000e-02,
1187,-1.300000e+00,-1.400000e-02,
1188,-1.340000e+00,-2.000000e-02,
1189,-1.280000e+00,-6.000001e-03,
1190,-1.320000e+00,-6.000001e-03,
1191,-1.260000e+00,-1.400000e-02,
1192,-1.320000e+00,-8.000000e-03,
1193,-1.240000e+00,-1.600000e-02,
1194,-1.300000e+00,-1.200000e-02,
1195,-1.240000e+00,-2.000000e-03,
1196,-1.300000e+00,2.000000e-03,
1197,-1.220000e+00,-1.200000e-02,
1198,-1.240000e+00,-4.000000e-03,
1199,-1.300000e+00,-1.200000e-02,
1200,-1.240000e+00,-1.200000e-02,
1201,-1.300000e+00,0.000000e+00,
1202,-1.240000e+00,2.000000e-03,
1203,-1.300000e+00,-8.000000e-03,
1204,-1.240000e+00,-6.000001e-03,
1205,-1.320000e+00,4.000000e-03,
1206,-1.320000e+00,-8.000000e-03,
1207,-1.260000e+00,6.000001e-03,
1208,-1.260000e+00,8.000000e-03,
1209,-1.340000e+00,-2.000000e-03,
1210,-1.340000e+00,-2.000000e-03,
1211,-1.260000e+00,6.000001e-03,
1212,-1.260000e+00,0.000000e+00,
1213,-1.340000e+00,8.000000e-03,
1214,-1.320000e+00,8.000000e-03,
1215,-1.260000e+00,-4.000000e-03,
1216,-1.320000e+00,4.000000e-03,
1217,-1.240000e+00,-6.000001e-03,
1218,-1.300000e+00,2.000000e-03,
1219,-1.240000e+00,-8.000000e-03,
1220,-1.300000e+00,-6.000001e-03,
1221,-1.220000e+00,2.000000e-03,
1222,-1.280000e+00,0.000000e+00,
1223,-1.220000e+00,-8.000000e-03,
1224,-1.280000e+00,-4.000000e-03,
1225,-1.200000e+00,-1.400000e-02,
1226,-1.200000e+00,-1.200000e-02,
1227,-1.260000e+00,-6.000001e-03,
1228,-1.180000e+00,-6.000001e-03,
1229,-1.260000e+00,-1.800000e-02,
1230,-1.240000e+00,-8.000000e-03,
1231,-1.180000e+00,-1.800000e-02,
1232,-1.160000e+00,-1.800000e-02,
1233,-1.240000e+00,-8.000000e-03,
1234,-1.220000e+00,-8.000000e-03,
1235,-1.140000e+00,-1.800000e-02,
1236,-1.220000e+00,-2.000000e-02,
1237,-1.140000e+00,-8.000000e-03,
1238,-1.200000e+00,-1.600000e-02,
1239,-1.140000e+00,-6.000001e-03,
1240,-1.200000e+00,-6.000001e-03,
1241,-1.140000e+00,-1.800000e-02,
1242,-1.200000e+00,-1.800000e-02,
1243,-1.120000e+00,-6.000001e-03,
1244,-1.120000e+00,-8.000000e-03,
1245,-1.200000e+00,-1.600000e-02,
1246,-1.160000e+00,-1.400000e-02,
1247,-1.080000e+00,-8.000000e-03,
1248,-1.140000e+00,-8.000000e-03,
1249,-1.040000e+00,-2.000000e-02,
1250,-1.080000e+00,-2.000000e-02,
1251,-9.800000e-01,-1.400000e-02,
1252,-1.040000e+00,-1.600000e-02,
1253,-9.200000e-01,-3.000000e-02,
1254,-9.800000e-01,-3.400000e-02,
1255,-8.600000e-01,-2.600000e-02,
1256,-9.000000e-01,-3.000000e-02,
1257,-8.000000e-01,-3.800000e-02,
1258,-8.600000e-01,-3.400000e-02,
1259,-7.600000e-01,-2.600000e-02,
1260,-8.200000e-01,-3.000000e-02,
1261,-7.400000e-01,-1.600000e-02,
1262,-8.000000e-01,-2.200000e-02,
1263,-7.400000e-01,-1.200000e-02,
1264,-7.800000e-01,-1.600000e-02,
1265,-7.000000e-01,-4.000000e-03,
1266,-7.600000e-01,0.000000e+00,
1267,-6.600000e-01,-8.000000e-03,
1268,-7.000000e-01,-2.000000e-03,
1269,-6.000000e-01,-1.000000e-02,
1270,-6.600000e-01,-8.000000e-03,
1271,-5.600000e-01,2.000000e-03,
1272,-6.200000e-01,2.000000e-03,
1273,-5.400000e-01,-1.000000e-02,
1274,-5.800000e-01,-8.000000e-03,
1275,-5.000000e-01,6.000001e-03,
1276,-5.400000e-01,6.000001e-03,
1277,-4.400000e-01,-4.000000e-03,
1278,-5.000000e-01,-4.000000e-03,
1279,-4.200000e-01,1.000000e-02,
1280,-4.800000e-01,2.000000e-03,
1281,-3.800000e-01,1.000000e-02,
1282,-4.400000e-01,0.000000e+00,
1283,-3.400000e-01,1.200000e-02,
1284,-4.000000e-01,6.000001e-03,
1285,-3.000000e-01,1.600000e-02,
1286,-3.600000e-01,2.000000e-02,
1287,-2.600000e-01,6.000001e-03,
1288,-3.000000e-01,6.000001e-03,
1289,-2.200000e-01,1.600000e-02,
1290,-2.800000e-01,1.400000e-02,
1291,-2.000000e-01,2.400000e-02,
1292,-2.600000e-01,2.600000e-02,
1293,-1.200000e-01,2.000000e-02,
1294,-1.800000e-01,2.800000e-02,
1295,-8.000000e-02,1.800000e-02,
1296,-1.200000e-01,2.400000e-02,
1297,-2.000000e-02,1.800000e-02,
1298,-6.000000e-02,1.800000e-02,
1299,4.000000e-02,3.000000e-02,
1300,-2.000000e-02,3.200000e-02,
1301,8.000000e-02,2.000000e-02,
1302,4.000000e-02,2.200000e-02,
1303,1.400000e-01,3.400000e-02,
1304,8.000000e-02,2.800000e-02,
1305,2.000000e-01,3.600000e-02,
1306,1.400000e-01,3.200000e-02,
1307,2.400000e-01,2.600000e-02,
1308,2.000000e-01,2.800000e-02,
1309,3.000000e-01,3.400000e-02,
1310,2.600000e-01,4.000000e-02,
1311,3.600000e-01,2.800000e-02,
1312,3.000000e-01,3.000000e-02,
1313,4.000000e-01,4.000000e-02,
1314,3.400000e-01,4.000000e-02,
1315,4.200000e-01,3.400000e-02,
1316,3.800000e-01,3.600000e-02,
1317,4.600000e-01,4.400000e-02,
1318,4.200000e-01,4.400000e-02,
1319,5.000000e-01,3.600000e-02,
1320,4.600000e-01,4.400000e-02,
1321,5.600000e-01,3.600000e-02,
1322,5.000000e-01,4.000000e-02,
1323,6.000000e-01,3.200000e-02,
1324,5.600000e-01,4.000000e-02,
1325,6.600000e-01,3.000000e-02,
1326,6.000000e-01,4.200000e-02,
1327,6.800000e-01,3.200000e-02,
1328,6.400000e-01,3.200000e-02,
1329,7.400000e-01,4.200000e-02,
1330,6.800000e-01,3.400000e-02,
1331,7.800000e-01,4.000000e-02,
1332,7.400000e-01,3.600000e-02,
1333,8.400000e-01,4.400000e-02,
1334,8.000000e-01,3.800000e-02,
1335,8.800000e-01,4.400000e-02,
1336,8.400000e-01,4.600000e-02,
1337,9.000000e-01,3.800000e-02,
1338,8.600000e-01,3.800000e-02,
1339,9.400000e-01,5.000000e-02,
1340,8.800000e-01,5.200000e-02,
1341,9.600000e-01,4.400000e-02,
1342,9.000000e-01,5.200000e-02,
1343,9.800000e-01,4.200000e-02,
1344,9.400000e-01,4.200000e-02,
1345,1.020000e+00,4.800000e-02,
1346,9.600000e-01,4.800000e-02,
1347,1.040000e+00,3.600000e-02,
1348,9.800000e-01,4.000000e-02,
1349,1.060000e+00,5.400000e-02,
1350,1.000000e+00,5.400000e-02,
1351,1.080000e+00,4.600000e-02,
1352,1.080000e+00,5.600000e-02,
1353,1.020000e+00,4.400000e-02,
1354,1.020000e+00,4.600000e-02,
1355,1.100000e+00,5.600000e-02,
1356,1.040000e+00,5.800000e-02,
1357,1.100000e+00,4.800000e-02,
1358,1.040000e+00,6.000000e-02,
1359,1.100000e+00,4.800000e-02,
1360,1.060000e+00,4.800000e-02,
1361,1.140000e+00,5.600000e-02,
1362,1.100000e+00,4.800000e-02,
1363,1.200000e+00,5.800000e-02,
1364,1.140000e+00,5.000000e-02,
1365,1.240000e+00,5.800000e-02,
1366,1.180000e+00,5.400000e-02,
1367,1.280000e+00,8.000001e-02,
1368,1.220000e+00,7.800000e-02,
1369,1.300000e+00,1.460000e-01,
1370,1.240000e+00,1.440000e-01,
1371,1.320000e+00,1.880000e-01,
1372,1.260000e+00,1.700000e-01,
1373,1.340000e+00,1.600000e-02,
1374,1.280000e+00,1.200000e-02,
1375,1.340000e+00,6.600000e-02,
1376,1.300000e+00,6.600000e-02,
1377,1.360000e+00,4.400000e-02,
1378,1.320000e+00,5.800000e-02,
1379,1.400000e+00,4.200000e-02,
1380,1.340000e+00,4.400000e-02,
1381,1.420000e+00,3.600000e-02,
1382,1.360000e+00,4.000000e-02,
1383,1.440000e+00,4.800000e-02,
1384,1.440000e+00,4.800000e-02,
1385,1.380000e+00,3.000000e-02,
1386,1.440000e+00,3.600000e-02,
1387,1.360000e+00,2.800000e-02,
1388,1.420000e+00,2.800000e-02,
1389,1.340000e+00,3.400000e-02,
1390,1.400000e+00,3.200000e-02,
1391,1.340000e+00,2.200000e-02,
1392,1.400000e+00,2.200000e-02,
1393,1.320000e+00,3.000000e-02,
1394,1.380000e+00,2.600000e-02,
1395,1.300000e+00,3.200000e-02,
1396,1.380000e+00,3.200000e-02,
1397,1.300000e+00,2.200000e-02,
1398,1.320000e+00,2.200000e-02,
1399,1.380000e+00,3.000000e-02,
